<?xml version="1.0" encoding="UTF-8"?>
<office:document-content xmlns:office="urn:oasis:names:tc:opendocument:xmlns:office:1.0" xmlns:style="urn:oasis:names:tc:opendocument:xmlns:style:1.0" xmlns:text="urn:oasis:names:tc:opendocument:xmlns:text:1.0" xmlns:table="urn:oasis:names:tc:opendocument:xmlns:table:1.0" xmlns:draw="urn:oasis:names:tc:opendocument:xmlns:drawing:1.0" xmlns:fo="urn:oasis:names:tc:opendocument:xmlns:xsl-fo-compatible:1.0" xmlns:xlink="http://www.w3.org/1999/xlink" xmlns:dc="http://purl.org/dc/elements/1.1/" xmlns:meta="urn:oasis:names:tc:opendocument:xmlns:meta:1.0" xmlns:number="urn:oasis:names:tc:opendocument:xmlns:datastyle:1.0" xmlns:svg="urn:oasis:names:tc:opendocument:xmlns:svg-compatible:1.0" xmlns:chart="urn:oasis:names:tc:opendocument:xmlns:chart:1.0" xmlns:dr3d="urn:oasis:names:tc:opendocument:xmlns:dr3d:1.0" xmlns:math="http://www.w3.org/1998/Math/MathML" xmlns:form="urn:oasis:names:tc:opendocument:xmlns:form:1.0" xmlns:script="urn:oasis:names:tc:opendocument:xmlns:script:1.0" xmlns:ooo="http://openoffice.org/2004/office" xmlns:ooow="http://openoffice.org/2004/writer" xmlns:oooc="http://openoffice.org/2004/calc" xmlns:dom="http://www.w3.org/2001/xml-events" xmlns:xforms="http://www.w3.org/2002/xforms" xmlns:xsd="http://www.w3.org/2001/XMLSchema" xmlns:xsi="http://www.w3.org/2001/XMLSchema-instance" xmlns:rpt="http://openoffice.org/2005/report" xmlns:of="urn:oasis:names:tc:opendocument:xmlns:of:1.2" xmlns:xhtml="http://www.w3.org/1999/xhtml" xmlns:grddl="http://www.w3.org/2003/g/data-view#" xmlns:tableooo="http://openoffice.org/2009/table" xmlns:textooo="http://openoffice.org/2013/office" xmlns:field="urn:openoffice:names:experimental:ooo-ms-interop:xmlns:field:1.0" office:version="1.2"><office:scripts/><office:font-face-decls><style:font-face style:name="Arial2" svg:font-family="Arial" style:font-family-generic="swiss"/><style:font-face style:name="Times New Roman" svg:font-family="&apos;Times New Roman&apos;" style:font-family-generic="roman" style:font-pitch="variable"/><style:font-face style:name="Arial" svg:font-family="Arial" style:font-family-generic="swiss" style:font-pitch="variable"/><style:font-face style:name="Arial1" svg:font-family="Arial" style:font-family-generic="system" style:font-pitch="variable"/><style:font-face style:name="Microsoft YaHei" svg:font-family="&apos;Microsoft YaHei&apos;" style:font-family-generic="system" style:font-pitch="variable"/><style:font-face style:name="SimSun" svg:font-family="SimSun" style:font-family-generic="system" style:font-pitch="variable"/></office:font-face-decls><office:automatic-styles><style:style style:name="P1" style:family="paragraph" style:parent-style-name="Standard"><style:paragraph-properties fo:text-align="center" style:justify-single-word="false"/><style:text-properties fo:font-size="32pt" fo:font-weight="bold" style:font-size-asian="32pt" style:font-weight-asian="bold" style:font-size-complex="32pt" style:font-weight-complex="bold"/></style:style><style:style style:name="P2" style:family="paragraph" style:parent-style-name="Standard"><style:paragraph-properties fo:text-align="start" style:justify-single-word="false"/><style:text-properties fo:font-size="12pt" fo:font-weight="normal" style:font-size-asian="12pt" style:font-weight-asian="normal" style:font-size-complex="12pt" style:font-weight-complex="normal"/></style:style><style:style style:name="P3" style:family="paragraph" style:parent-style-name="Standard" style:list-style-name="L1"><style:paragraph-properties fo:text-align="start" style:justify-single-word="false"/><style:text-properties fo:font-size="12pt" fo:font-weight="normal" style:font-size-asian="12pt" style:font-weight-asian="normal" style:font-size-complex="12pt" style:font-weight-complex="normal"/></style:style><style:style style:name="P4" style:family="paragraph" style:parent-style-name="Standard"><style:paragraph-properties fo:text-align="center" style:justify-single-word="false"/><style:text-properties fo:font-size="12pt" fo:font-weight="normal" style:font-size-asian="12pt" style:font-weight-asian="normal" style:font-size-complex="12pt" style:font-weight-complex="normal"/></style:style><style:style style:name="P5" style:family="paragraph" style:parent-style-name="Standard"><style:paragraph-properties fo:text-align="start" style:justify-single-word="false"/><style:text-properties fo:font-size="12pt" style:text-underline-style="solid" style:text-underline-width="auto" style:text-underline-color="font-color" fo:font-weight="bold" style:font-size-asian="12pt" style:font-weight-asian="bold" style:font-size-complex="12pt" style:font-weight-complex="bold"/></style:style><style:style style:name="P6" style:family="paragraph" style:parent-style-name="Standard"><style:paragraph-properties fo:text-align="start" style:justify-single-word="false"/><style:text-properties fo:font-size="12pt" style:text-underline-style="solid" style:text-underline-width="auto" style:text-underline-color="font-color" fo:font-weight="normal" style:font-size-asian="12pt" style:font-weight-asian="normal" style:font-size-complex="12pt" style:font-weight-complex="normal"/></style:style><style:style style:name="P7" style:family="paragraph" style:parent-style-name="Standard"><style:paragraph-properties fo:text-align="center" style:justify-single-word="false"/><style:text-properties fo:font-size="24pt" style:text-underline-style="solid" style:text-underline-width="auto" style:text-underline-color="font-color" fo:font-weight="bold" style:font-size-asian="24pt" style:font-weight-asian="bold" style:font-size-complex="24pt" style:font-weight-complex="bold"/></style:style><style:style style:name="P8" style:family="paragraph" style:parent-style-name="Standard"><style:paragraph-properties fo:margin-left="0.4925in" fo:margin-right="0in" fo:text-align="start" style:justify-single-word="false" fo:text-indent="0in" style:auto-text-indent="false"/><style:text-properties fo:font-size="12pt" style:text-underline-style="none" fo:font-weight="normal" style:font-size-asian="12pt" style:font-weight-asian="normal" style:font-size-complex="12pt" style:font-weight-complex="normal"/></style:style><style:style style:name="P9" style:family="paragraph" style:parent-style-name="Standard"><style:paragraph-properties fo:margin-left="0.4925in" fo:margin-right="0in" fo:text-align="center" style:justify-single-word="false" fo:text-indent="0in" style:auto-text-indent="false"/><style:text-properties fo:font-size="12pt" style:text-underline-style="none" fo:font-weight="normal" style:font-size-asian="12pt" style:font-weight-asian="normal" style:font-size-complex="12pt" style:font-weight-complex="normal"/></style:style><style:style style:name="T1" style:family="text"><style:text-properties fo:font-size="24pt" style:text-underline-style="solid" style:text-underline-width="auto" style:text-underline-color="font-color" fo:font-weight="bold" style:font-size-asian="24pt" style:font-weight-asian="bold" style:font-size-complex="24pt" style:font-weight-complex="bold"/></style:style><style:style style:name="fr1" style:family="graphic" style:parent-style-name="Graphics"><style:graphic-properties style:vertical-pos="from-top" style:vertical-rel="paragraph" style:horizontal-pos="from-left" style:horizontal-rel="paragraph" style:mirror="none" fo:clip="rect(0in, 0in, 0in, 0in)" draw:luminance="0%" draw:contrast="0%" draw:red="0%" draw:green="0%" draw:blue="0%" draw:gamma="100%" draw:color-inversion="false" draw:image-opacity="100%" draw:color-mode="standard"/></style:style><text:list-style style:name="L1"><text:list-level-style-number text:level="1" text:style-name="Numbering_20_Symbols" style:num-suffix="." style:num-format="1"><style:list-level-properties text:list-level-position-and-space-mode="label-alignment"><style:list-level-label-alignment text:label-followed-by="listtab" text:list-tab-stop-position="0.5in" fo:text-indent="-0.25in" fo:margin-left="0.5in"/></style:list-level-properties></text:list-level-style-number><text:list-level-style-number text:level="2" text:style-name="Numbering_20_Symbols" style:num-suffix="." style:num-format="1"><style:list-level-properties text:list-level-position-and-space-mode="label-alignment"><style:list-level-label-alignment text:label-followed-by="listtab" text:list-tab-stop-position="0.75in" fo:text-indent="-0.25in" fo:margin-left="0.75in"/></style:list-level-properties></text:list-level-style-number><text:list-level-style-number text:level="3" text:style-name="Numbering_20_Symbols" style:num-suffix="." style:num-format="1"><style:list-level-properties text:list-level-position-and-space-mode="label-alignment"><style:list-level-label-alignment text:label-followed-by="listtab" text:list-tab-stop-position="1in" fo:text-indent="-0.25in" fo:margin-left="1in"/></style:list-level-properties></text:list-level-style-number><text:list-level-style-number text:level="4" text:style-name="Numbering_20_Symbols" style:num-suffix="." style:num-format="1"><style:list-level-properties text:list-level-position-and-space-mode="label-alignment"><style:list-level-label-alignment text:label-followed-by="listtab" text:list-tab-stop-position="1.25in" fo:text-indent="-0.25in" fo:margin-left="1.25in"/></style:list-level-properties></text:list-level-style-number><text:list-level-style-number text:level="5" text:style-name="Numbering_20_Symbols" style:num-suffix="." style:num-format="1"><style:list-level-properties text:list-level-position-and-space-mode="label-alignment"><style:list-level-label-alignment text:label-followed-by="listtab" text:list-tab-stop-position="1.5in" fo:text-indent="-0.25in" fo:margin-left="1.5in"/></style:list-level-properties></text:list-level-style-number><text:list-level-style-number text:level="6" text:style-name="Numbering_20_Symbols" style:num-suffix="." style:num-format="1"><style:list-level-properties text:list-level-position-and-space-mode="label-alignment"><style:list-level-label-alignment text:label-followed-by="listtab" text:list-tab-stop-position="1.75in" fo:text-indent="-0.25in" fo:margin-left="1.75in"/></style:list-level-properties></text:list-level-style-number><text:list-level-style-number text:level="7" text:style-name="Numbering_20_Symbols" style:num-suffix="." style:num-format="1"><style:list-level-properties text:list-level-position-and-space-mode="label-alignment"><style:list-level-label-alignment text:label-followed-by="listtab" text:list-tab-stop-position="2in" fo:text-indent="-0.25in" fo:margin-left="2in"/></style:list-level-properties></text:list-level-style-number><text:list-level-style-number text:level="8" text:style-name="Numbering_20_Symbols" style:num-suffix="." style:num-format="1"><style:list-level-properties text:list-level-position-and-space-mode="label-alignment"><style:list-level-label-alignment text:label-followed-by="listtab" text:list-tab-stop-position="2.25in" fo:text-indent="-0.25in" fo:margin-left="2.25in"/></style:list-level-properties></text:list-level-style-number><text:list-level-style-number text:level="9" text:style-name="Numbering_20_Symbols" style:num-suffix="." style:num-format="1"><style:list-level-properties text:list-level-position-and-space-mode="label-alignment"><style:list-level-label-alignment text:label-followed-by="listtab" text:list-tab-stop-position="2.5in" fo:text-indent="-0.25in" fo:margin-left="2.5in"/></style:list-level-properties></text:list-level-style-number><text:list-level-style-number text:level="10" text:style-name="Numbering_20_Symbols" style:num-suffix="." style:num-format="1"><style:list-level-properties text:list-level-position-and-space-mode="label-alignment"><style:list-level-label-alignment text:label-followed-by="listtab" text:list-tab-stop-position="2.75in" fo:text-indent="-0.25in" fo:margin-left="2.75in"/></style:list-level-properties></text:list-level-style-number></text:list-style></office:automatic-styles><office:body><office:text text:use-soft-page-breaks="true"><text:sequence-decls><text:sequence-decl text:display-outline-level="0" text:name="Illustration"/><text:sequence-decl text:display-outline-level="0" text:name="Table"/><text:sequence-decl text:display-outline-level="0" text:name="Text"/><text:sequence-decl text:display-outline-level="0" text:name="Drawing"/></text:sequence-decls><text:p text:style-name="Standard"/><text:p text:style-name="P1">EcoAmp</text:p><text:p text:style-name="P1"/><text:list xml:id="list5462919993552962038" text:style-name="L1"><text:list-item><text:p text:style-name="P3">Descripcion utilitaria del proyecto</text:p></text:list-item><text:list-item><text:p text:style-name="P3">Casos de uso .</text:p></text:list-item><text:list-item><text:p text:style-name="P3">Descripcion del funcionamiento proyecto</text:p></text:list-item><text:list-item><text:p text:style-name="P3">Descripcion detalle bloques</text:p></text:list-item></text:list><text:p text:style-name="P2"/><text:p text:style-name="P2"/><text:p text:style-name="P2"/><text:p text:style-name="P2"/><text:p text:style-name="P4"><text:tab/><text:span text:style-name="T1">Descripcion utilitaria del proyecto</text:span></text:p><text:p text:style-name="P7"/><text:p text:style-name="P6"/><text:p text:style-name="P8">El EcoAmp , surge como solucion a la necesidad medicion en tiempo real y remoto del consumo de diferentes dispositivos tambien pudiendose utilizar para determinar si el dispositivo medido esta o no en funcionamiento , determinando esto ultimo haciendo la medicion directa del consumo o un analisis estadistico para determinar ciclos de funcionamiento normales y anomalos ( o sea los que se salen de la media normal previamente determinada ) .</text:p><text:p text:style-name="P8"/><text:p text:style-name="P8">Las medicioens realizadas als er de caracter remoto son de facil montaje utilizando la alimentacion existente en el mismo lugar de instalacion , pero aun asi son faciliamente mapeables en ubicacion debido el radio de alcance del router que utilizan para comunicarse .</text:p><text:p text:style-name="P8"/><text:p text:style-name="P8"/><text:p text:style-name="P9"><text:span text:style-name="T1">Casos de uso</text:span></text:p><text:p text:style-name="P9"><text:span text:style-name="T1"/></text:p><text:p text:style-name="P8">El EcoAmp , se puede aplicar para determinar consumo de dispositivos estaticos como systemas de iluminacion y su estado de funcionamiento determinado por el cosumo ej: tengo 10 tubos de luz que estoy sensando cada uno de 40 watts y su consumo total deberia ser de unos 400 watts , si la lectura de su consumo me da 360 watts , puedo determinar de que hay un tubo quemado y hay que <text:s/>enviar a mantenimeinto para que sea reemplazado .</text:p><text:p text:style-name="P8"/><text:p text:style-name="P8"/><text:p text:style-name="P9"><text:span text:style-name="T1"/></text:p><text:p text:style-name="P9"><text:span text:style-name="T1"/></text:p><text:p text:style-name="P9"><text:span text:style-name="T1"/></text:p><text:p text:style-name="P9"><text:soft-page-break/><text:span text:style-name="T1"/></text:p><text:p text:style-name="P9"><text:span text:style-name="T1">Descripcion del funcionamieto</text:span></text:p><text:p text:style-name="P8"/><text:p text:style-name="P8">El EcoAmp , funciona tomando medidas desde un sensor de amperaje que es en general una pinza ampirometrica no invasiva de facil colocacion , el EcoAmp registra las lecturas de esa pinza decenas de veces por segundo , minutos o cualquier otra frecuencia de medicion requerida </text:p><text:p text:style-name="P8">facilmente preprogramable y modificable . Esa informacion es enviada por el EcoAmp a travez de una conexion wifi previamente preconfigurada , esa informacion se envia a un servidor (IRIS en el caso de BA Lab) , el cual guarda la informacion del sensor respectivo agregando una vista en una pagina web para poder ver la informacion en tiempo real de las mediciones , plus el Iris tiene un plugin que se encarga de lo que es la estadistica para determinar el funcionameinto o no de dispositivos mas complejos como ascensores , que si bien tiene consumo todo el tiempo puede determinar &apos;deltas&apos; ( cambios de consumo ) de arranque de los motores y guardar su fercuencia de utilizacion mapeada contra los horarios de uso ( pico por ejemplo ) durante toda la semana y detectar variaciones anormales en las curvas de medicion de consumo en horas pico y establecere si un ascensor esta o no fuera de funcionamiento .</text:p><text:p text:style-name="P8"/><text:p text:style-name="P8"/><text:p text:style-name="P6"/><text:p text:style-name="P5"><draw:frame draw:style-name="fr1" draw:name="graphics1" text:anchor-type="paragraph" svg:x="0.4134in" svg:y="0.1335in" svg:width="6.4327in" svg:height="3.6181in" draw:z-index="0"><draw:image xlink:href="Pictures/1000000000000640000003842BD2A57F.png" xlink:type="simple" xlink:show="embed" xlink:actuate="onLoad"/></draw:frame></text:p></office:text></office:body></office:document-content>