<?xml version="1.0" encoding="UTF-8"?>
<office:document-meta xmlns:office="urn:oasis:names:tc:opendocument:xmlns:office:1.0" xmlns:xlink="http://www.w3.org/1999/xlink" xmlns:dc="http://purl.org/dc/elements/1.1/" xmlns:meta="urn:oasis:names:tc:opendocument:xmlns:meta:1.0" xmlns:ooo="http://openoffice.org/2004/office" xmlns:grddl="http://www.w3.org/2003/g/data-view#" xmlns:textooo="http://openoffice.org/2013/office" office:version="1.2"><office:meta><meta:creation-date>2016-10-25T14:48:37.07</meta:creation-date><meta:generator>OpenOffice/4.1.2$Win32 OpenOffice.org_project/412m3$Build-9782</meta:generator><dc:date>2016-10-25T15:38:41.77</dc:date><meta:editing-duration>PT50M7S</meta:editing-duration><meta:editing-cycles>13</meta:editing-cycles><meta:document-statistic meta:table-count="0" meta:image-count="1" meta:object-count="0" meta:page-count="2" meta:paragraph-count="13" meta:word-count="429" meta:character-count="2529"/></office:meta></office:document-meta>